model_id,dataset_name,dataset_short,algorithm_name,algorithm_short,patch_set,patch_size,ratio_variant,feature_set,feature_family,selection_group,selection_reason,source_feature_file_path,source_feature_file_path_resolved,source_linear_svm_model_path,source_linear_svm_model_path_resolved,model_file_path,model_fit_split,valid_used_for_model_selection,test_used_for_fit_or_selection,dataset3_used,detection_used,class_weight,hyperparameter_grid_name,search_strategy,cv_used,cv_folds,cv_scoring,valid_selection_metric,score_method,random_state,created_at,fit_status,fit_runtime_seconds,selected_params_json,best_cv_score,feature_count_actual,train_row_count_actual,valid_row_count_actual,train_positive_count_actual,train_negative_count_actual,valid_positive_count_actual,valid_negative_count_actual,valid_accuracy,valid_precision,valid_recall,valid_specificity,valid_balanced_accuracy,valid_f1,valid_tp,valid_fp,valid_tn,valid_fn,positive_score_mean,negative_score_mean,score_separation_mean,error_message,notes
d1_rbfsvm_001,dataset1_varroa,d1,rbf_svm,rbfsvm,centered80_balanced,80,balanced,hog16_pca_hsv_lbp,hog16_pca_hsv_lbp,best_overall_reference,Dataset1 valid_f1 sıralamasında en iyi model. 80x80 balanced HOG16 PCA + HSV + LBP ana referans kombinasyonu.,data/features/dataset1_varroa/centered80_balanced__hog16_pca_hsv_lbp.parquet,data/features/dataset1_varroa/centered80_balanced__hog16_pca_hsv_lbp.parquet,outputs/models/dataset1_varroa/01_linear_svm/models/d1_linsvm_011__centered80_balanced__hog16_pca_hsv_lbp.joblib,outputs/models/dataset1_varroa/01_linear_svm/models/d1_linsvm_011__centered80_balanced__hog16_pca_hsv_lbp.joblib,outputs/models/dataset1_varroa/02_selected_rbf_svm/models/d1_rbfsvm_001__centered80_balanced__hog16_pca_hsv_lbp.joblib,train,True,False,False,False,None,rbf_svm_stage06_selected_v1_from_previous_svm_notebook,train_split_gridsearch_cv_then_valid_selection,True,3,f1,valid_f1,decision_function,42,2026-05-27 15:32:49,trained,149.48674368858337,"{""model__C"": 10.0, ""model__gamma"": 0.001}",0.9242160027846538,219,6064,1288,3032,3032,644,644,0.9417701863354038,0.9105339105339105,0.9798136645962733,0.9037267080745341,0.9417701863354038,0.943904263275991,631,62,582,13,2.401075547029929,-1.6328632854807643,4.033938832510693,,Model trained on train split and evaluated on valid split. Test split was not used.
d1_rbfsvm_002,dataset1_varroa,d1,rbf_svm,rbfsvm,centered96_balanced,96,balanced,hog16_pca_hsv_lbp,hog16_pca_hsv_lbp,patch_size_comparison,d1_linsvm_011 ile aynı feature setin 96x96 patch karşılığı. 80x80 ve 96x96 patch size etkisini karşılaştırmak için seçildi.,data/features/dataset1_varroa/centered96_balanced__hog16_pca_hsv_lbp.parquet,data/features/dataset1_varroa/centered96_balanced__hog16_pca_hsv_lbp.parquet,outputs/models/dataset1_varroa/01_linear_svm/models/d1_linsvm_037__centered96_balanced__hog16_pca_hsv_lbp.joblib,outputs/models/dataset1_varroa/01_linear_svm/models/d1_linsvm_037__centered96_balanced__hog16_pca_hsv_lbp.joblib,outputs/models/dataset1_varroa/02_selected_rbf_svm/models/d1_rbfsvm_002__centered96_balanced__hog16_pca_hsv_lbp.joblib,train,True,False,False,False,None,rbf_svm_stage06_selected_v1_from_previous_svm_notebook,train_split_gridsearch_cv_then_valid_selection,True,3,f1,valid_f1,decision_function,42,2026-05-27 15:35:19,trained,226.46478867530823,"{""model__C"": 10.0, ""model__gamma"": ""scale""}",0.8995988743544778,297,6064,1288,3032,3032,644,644,0.937888198757764,0.9098837209302325,0.9720496894409938,0.9037267080745341,0.937888198757764,0.93993993993994,626,62,582,18,1.297777567035896,-0.8685599751227878,2.1663375421586837,,Model trained on train split and evaluated on valid split. Test split was not used.
d1_rbfsvm_003,dataset1_varroa,d1,rbf_svm,rbfsvm,centered80_balanced,80,balanced,hog16_hsv_lbp,hog16_hsv_lbp,pca_comparison,d1_linsvm_011 modelinin PCA'sız karşılığı. Aynı patch size ve feature ailesinde PCA etkisini test etmek için seçildi.,data/features/dataset1_varroa/centered80_balanced__hog16_hsv_lbp.parquet,data/features/dataset1_varroa/centered80_balanced__hog16_hsv_lbp.parquet,outputs/models/dataset1_varroa/01_linear_svm/models/d1_linsvm_004__centered80_balanced__hog16_hsv_lbp.joblib,outputs/models/dataset1_varroa/01_linear_svm/models/d1_linsvm_004__centered80_balanced__hog16_hsv_lbp.joblib,outputs/models/dataset1_varroa/02_selected_rbf_svm/models/d1_rbfsvm_003__centered80_balanced__hog16_hsv_lbp.joblib,train,True,False,False,False,None,rbf_svm_stage06_selected_v1_from_previous_svm_notebook,train_split_gridsearch_cv_then_valid_selection,True,3,f1,valid_f1,decision_function,42,2026-05-27 15:39:05,trained,503.6637182235718,"{""model__C"": 10.0, ""model__gamma"": 0.001}",0.917399102756043,618,6064,1288,3032,3032,644,644,0.937888198757764,0.9075144508670521,0.9751552795031055,0.9006211180124224,0.937888198757764,0.9401197604790419,628,64,580,16,1.541805017478574,-1.029142645802033,2.5709476632806068,,Model trained on train split and evaluated on valid split. Test split was not used.
d1_rbfsvm_004,dataset1_varroa,d1,rbf_svm,rbfsvm,centered96_balanced,96,balanced,hog16_hsv_lbp,hog16_hsv_lbp,patch_size_and_pca_comparison,d1_linsvm_004 modelinin 96x96 patch karşılığı. PCA'sız HOG16 ailesinde patch size etkisini görmek için seçildi.,data/features/dataset1_varroa/centered96_balanced__hog16_hsv_lbp.parquet,data/features/dataset1_varroa/centered96_balanced__hog16_hsv_lbp.parquet,outputs/models/dataset1_varroa/01_linear_svm/models/d1_linsvm_030__centered96_balanced__hog16_hsv_lbp.joblib,outputs/models/dataset1_varroa/01_linear_svm/models/d1_linsvm_030__centered96_balanced__hog16_hsv_lbp.joblib,outputs/models/dataset1_varroa/02_selected_rbf_svm/models/d1_rbfsvm_004__centered96_balanced__hog16_hsv_lbp.joblib,train,True,False,False,False,None,rbf_svm_stage06_selected_v1_from_previous_svm_notebook,train_split_gridsearch_cv_then_valid_selection,True,3,f1,valid_f1,decision_function,42,2026-05-27 15:47:29,trained,847.135660648346,"{""model__C"": 10.0, ""model__gamma"": 0.001}",0.8915405965569833,942,6064,1288,3032,3032,644,644,0.937111801242236,0.9121522693997072,0.967391304347826,0.906832298136646,0.937111801242236,0.9389600602863603,623,60,584,21,1.1611119365818143,-0.9289568137199766,2.090068750301791,,Model trained on train split and evaluated on valid split. Test split was not used.
d1_rbfsvm_005,dataset1_varroa,d1,rbf_svm,rbfsvm,centered80_balanced,80,balanced,hog8_pca_hsv_lbp,hog8_pca_hsv_lbp,hog8_representation,HOG8 PCA'lı temsilci. HOG16 ağırlıklı seçim havuzuna HOG8 tabanlı alternatif eklemek için seçildi.,data/features/dataset1_varroa/centered80_balanced__hog8_pca_hsv_lbp.parquet,data/features/dataset1_varroa/centered80_balanced__hog8_pca_hsv_lbp.parquet,outputs/models/dataset1_varroa/01_linear_svm/models/d1_linsvm_008__centered80_balanced__hog8_pca_hsv_lbp.joblib,outputs/models/dataset1_varroa/01_linear_svm/models/d1_linsvm_008__centered80_balanced__hog8_pca_hsv_lbp.joblib,outputs/models/dataset1_varroa/02_selected_rbf_svm/models/d1_rbfsvm_005__centered80_balanced__hog8_pca_hsv_lbp.joblib,train,True,False,False,False,None,rbf_svm_stage06_selected_v1_from_previous_svm_notebook,train_split_gridsearch_cv_then_valid_selection,True,3,f1,valid_f1,decision_function,42,2026-05-27 16:01:36,trained,715.4611003398895,"{""model__C"": 10.0, ""model__gamma"": 0.001}",0.8980619884440721,781,6064,1288,3032,3032,644,644,0.937111801242236,0.8981612446958982,0.9860248447204969,0.8881987577639752,0.937111801242236,0.9400444115470022,635,72,572,9,1.1163762218235693,-0.7223799964935339,1.8387562183171031,,Model trained on train split and evaluated on valid split. Test split was not used.
d1_rbfsvm_006,dataset1_varroa,d1,rbf_svm,rbfsvm,centered80_neg4x,80,neg4x,hog16_hsv_lbp,hog16_hsv_lbp,neg4x_comparison,Dataset1 neg4x grubunda güçlü PCA'sız HOG16 temsilcisi. Balanced ve neg4x eğitim oranı etkisini karşılaştırmak için seçildi.,data/features/dataset1_varroa/centered80_neg4x__hog16_hsv_lbp.parquet,data/features/dataset1_varroa/centered80_neg4x__hog16_hsv_lbp.parquet,outputs/models/dataset1_varroa/01_linear_svm/models/d1_linsvm_017__centered80_neg4x__hog16_hsv_lbp.joblib,outputs/models/dataset1_varroa/01_linear_svm/models/d1_linsvm_017__centered80_neg4x__hog16_hsv_lbp.joblib,outputs/models/dataset1_varroa/02_selected_rbf_svm/models/d1_rbfsvm_006__centered80_neg4x__hog16_hsv_lbp.joblib,train,True,False,False,False,None,rbf_svm_stage06_selected_v1_from_previous_svm_notebook,train_split_gridsearch_cv_then_valid_selection,True,3,f1,valid_f1,decision_function,42,2026-05-27 16:13:32,trained,2686.9591088294983,"{""model__C"": 1.0, ""model__gamma"": 0.001}",0.8648888790608321,618,15160,3220,3032,12128,644,2576,0.9652173913043478,0.8911764705882353,0.9409937888198758,0.9712732919254659,0.9561335403726708,0.9154078549848943,606,74,2502,38,1.2161186826345798,-1.6371688093373664,2.853287491971946,,Model trained on train split and evaluated on valid split. Test split was not used.
d1_rbfsvm_007,dataset1_varroa,d1,rbf_svm,rbfsvm,centered80_neg4x,80,neg4x,hog16_pca_hsv_lbp,hog16_pca_hsv_lbp,neg4x_pca_comparison,d1_linsvm_017 modelinin PCA'lı neg4x karşılığı. Neg4x içinde PCA etkisini ve balanced-neg4x farkını test etmek için seçildi.,data/features/dataset1_varroa/centered80_neg4x__hog16_pca_hsv_lbp.parquet,data/features/dataset1_varroa/centered80_neg4x__hog16_pca_hsv_lbp.parquet,outputs/models/dataset1_varroa/01_linear_svm/models/d1_linsvm_024__centered80_neg4x__hog16_pca_hsv_lbp.joblib,outputs/models/dataset1_varroa/01_linear_svm/models/d1_linsvm_024__centered80_neg4x__hog16_pca_hsv_lbp.joblib,outputs/models/dataset1_varroa/02_selected_rbf_svm/models/d1_rbfsvm_007__centered80_neg4x__hog16_pca_hsv_lbp.joblib,train,True,False,False,False,None,rbf_svm_stage06_selected_v1_from_previous_svm_notebook,train_split_gridsearch_cv_then_valid_selection,True,3,f1,valid_f1,decision_function,42,2026-05-27 16:58:19,trained,638.3088045120239,"{""model__C"": 1.0, ""model__gamma"": ""scale""}",0.8682217919481742,223,15160,3220,3032,12128,644,2576,0.9624223602484472,0.8709219858156029,0.953416149068323,0.9646739130434783,0.9590450310559007,0.910303928836175,614,91,2485,30,1.3689114617917173,-1.438150917194129,2.8070623789858464,,Model trained on train split and evaluated on valid split. Test split was not used.
d1_rbfsvm_008,dataset1_varroa,d1,rbf_svm,rbfsvm,centered80_balanced,80,balanced,hog8_hsv_lbp,hog8_hsv_lbp,hog8_non_pca_representation,HOG8'in PCA'sız temsilcisi. d1_linsvm_008 ile HOG8 içinde PCA etkisini karşılaştırmak için seçildi.,data/features/dataset1_varroa/centered80_balanced__hog8_hsv_lbp.parquet,data/features/dataset1_varroa/centered80_balanced__hog8_hsv_lbp.parquet,outputs/models/dataset1_varroa/01_linear_svm/models/d1_linsvm_001__centered80_balanced__hog8_hsv_lbp.joblib,outputs/models/dataset1_varroa/01_linear_svm/models/d1_linsvm_001__centered80_balanced__hog8_hsv_lbp.joblib,outputs/models/dataset1_varroa/02_selected_rbf_svm/models/d1_rbfsvm_008__centered80_balanced__hog8_hsv_lbp.joblib,train,True,False,False,False,None,rbf_svm_stage06_selected_v1_from_previous_svm_notebook,train_split_gridsearch_cv_then_valid_selection,True,3,f1,valid_f1,decision_function,42,2026-05-27 17:08:58,trained,2775.779691696167,"{""model__C"": 10.0, ""model__gamma"": ""scale""}",0.8746032129382316,2958,6064,1288,3032,3032,644,644,0.8975155279503105,0.869942196531792,0.9347826086956522,0.860248447204969,0.8975155279503106,0.9011976047904192,602,90,554,42,0.8226875428932111,-0.6476758509521694,1.4703633938453806,,Model trained on train split and evaluated on valid split. Test split was not used.
d1_rbfsvm_009,dataset1_varroa,d1,rbf_svm,rbfsvm,centered80_balanced,80,balanced,hsv_lbp_only,hsv_lbp_only,hsv_lbp_only_reference,HOG kullanılmadan yalnızca HSV + LBP özelliklerinin temsilcisi. HOG'un ek katkısını test etmek için seçildi.,data/features/dataset1_varroa/centered80_balanced__hsv_lbp_only.parquet,data/features/dataset1_varroa/centered80_balanced__hsv_lbp_only.parquet,outputs/models/dataset1_varroa/01_linear_svm/models/d1_linsvm_007__centered80_balanced__hsv_lbp_only.joblib,outputs/models/dataset1_varroa/01_linear_svm/models/d1_linsvm_007__centered80_balanced__hsv_lbp_only.joblib,outputs/models/dataset1_varroa/02_selected_rbf_svm/models/d1_rbfsvm_009__centered80_balanced__hsv_lbp_only.joblib,train,True,False,False,False,None,rbf_svm_stage06_selected_v1_from_previous_svm_notebook,train_split_gridsearch_cv_then_valid_selection,True,3,f1,valid_f1,decision_function,42,2026-05-27 17:55:14,trained,28.980190992355347,"{""model__C"": 1.0, ""model__gamma"": ""scale""}",0.9303670613557818,42,6064,1288,3032,3032,644,644,0.9433229813664596,0.9143686502177069,0.9782608695652174,0.9083850931677019,0.9433229813664596,0.9452363090772693,630,59,585,14,2.4954748737626993,-1.1556183016230859,3.6510931753857854,,Model trained on train split and evaluated on valid split. Test split was not used.
